{"maps":[{"MapNum":1,"floorNum":1,"map":[{"type":1,"name":"dark","pos":{"x":-0.44565632939338686,"y":2.9334397315979006},"id":0},{"type":1,"name":"dark","pos":{"x":-7.045651912689209,"y":4.433438301086426},"id":1}]}]}